order_id,order_date,region,category,product,quantity,unit_price,discount_percent,unit_cost
1,2025-12-13,North America,Electronics,Laptop,5,374.89,0,270.27
2,2025-01-14,Europe,Sports,Football,1,149.61,0,97.49
3,2025-03-23,South America,Sports,Tennis Racket,8,888.01,20,675.59
4,2025-02-17,South America,Home,Lamp,3,330.82,20,198.82
5,2025-08-24,North America,Electronics,Keyboard,6,909.55,20,466.63
6,2025-07-05,Europe,Sports,Football,9,446.84,15,306.33
7,2025-02-21,South America,Electronics,Laptop,4,1161.87,0,879.07
8,2025-05-17,North America,Home,Shelf,6,252.35,0,142.04
9,2025-11-24,Europe,Clothing,Jeans,3,698.77,0,556.82
10,2025-05-18,North America,Home,Chair,4,1234.49,20,734.07
11,2025-11-26,South America,Clothing,Jacket,4,986.6,5,755.15
12,2025-10-27,South America,Clothing,Jacket,3,377.47,10,249.77
13,2025-02-16,North America,Sports,Yoga Mat,4,1496.02,0,976.69
14,2025-07-17,South America,Electronics,Mouse,3,1190.2,5,808.05
15,2025-02-28,Asia,Sports,Yoga Mat,9,1292.56,0,910.07
16,2025-05-15,Europe,Home,Chair,5,657.8,5,329.54
17,2025-03-24,North America,Electronics,Keyboard,9,917.37,0,561.59
18,2025-06-07,Europe,Home,Shelf,1,176.68,0,134.92
19,2025-02-05,Europe,Electronics,Mouse,10,1420.95,0,1022.48
20,2025-08-05,Europe,Clothing,Shoes,9,256.04,10,195.03
21,2025-09-22,South America,Clothing,Jacket,7,1492.77,15,913.61
22,2025-04-28,Europe,Electronics,Mouse,4,105.4,0,71.3
23,2025-02-06,Europe,Electronics,Laptop,1,351.12,0,266.11
24,2025-10-20,South America,Home,Shelf,4,813.46,15,635.03
25,2025-07-01,South America,Clothing,Shoes,7,293.71,0,204.92
26,2025-07-26,Asia,Sports,Dumbbell,1,1013.31,15,536.57
27,2025-04-04,Asia,Electronics,Mouse,4,293.41,5,159.04
28,2025-02-20,North America,Sports,Tennis Racket,2,670.26,20,507.25
29,2025-07-25,North America,Electronics,Laptop,4,257.8,5,166.13
30,2025-08-21,Asia,Clothing,Shoes,1,1478.11,0,1149.9
31,2025-10-24,North America,Sports,Dumbbell,3,292.95,0,231.61
32,2025-09-29,Europe,Home,Chair,1,880.42,10,683.04
33,2025-05-01,South America,Electronics,Laptop,3,112.1,0,78.76
34,2025-12-03,Asia,Electronics,Mouse,10,895.83,10,469.95
35,2025-11-27,Asia,Home,Desk,6,365.64,5,197.18
36,2025-02-21,North America,Sports,Yoga Mat,2,23.88,10,19.09
37,2025-07-09,Asia,Clothing,Jacket,3,1400.56,0,1069.72
38,2025-12-01,North America,Clothing,Shoes,9,1058.27,10,841.49
39,2025-03-21,Asia,Home,Chair,3,404.05,0,292.02
40,2025-09-16,South America,Home,Desk,6,313.36,15,236.86
41,2025-01-02,Asia,Home,Chair,2,955.08,20,556.82
42,2025-10-15,North America,Clothing,Jacket,3,1114.43,10,793.14
43,2025-10-10,Europe,Electronics,Laptop,3,822.93,20,502.62
44,2025-01-21,Asia,Sports,Tennis Racket,1,469.3,20,371.53
45,2025-07-28,Europe,Clothing,Jeans,2,536.98,10,410.92
46,2025-06-20,South America,Clothing,Jeans,3,1323.31,0,732.86
47,2025-01-20,South America,Clothing,Jacket,3,1183.19,0,727.38
48,2025-04-27,Europe,Clothing,Jeans,8,530.99,20,392.19
49,2025-05-23,Asia,Electronics,Mouse,7,499.11,20,259.95
50,2025-05-16,North America,Sports,Yoga Mat,1,181.86,0,100.67
51,2025-09-19,North America,Electronics,Monitor,6,1095.53,0,691.19
52,2025-10-03,Europe,Sports,Tennis Racket,5,76.14,5,38.11
53,2025-12-06,North America,Home,Shelf,2,1423.82,0,978.09
54,2025-03-07,Europe,Home,Lamp,7,496.01,15,292.0
55,2025-01-01,Asia,Sports,Dumbbell,3,927.12,0,576.5
56,2025-08-27,South America,Home,Desk,7,1180.78,10,822.31
57,2025-12-04,North America,Sports,Tennis Racket,9,715.05,20,515.4
58,2025-06-08,Europe,Home,Lamp,2,1229.45,20,701.35
59,2025-02-07,South America,Clothing,Jeans,1,78.86,5,53.89
60,2025-12-19,North America,Sports,Tennis Racket,7,746.62,0,406.36
61,2025-01-26,Europe,Electronics,Monitor,4,272.07,15,178.31
62,2025-10-14,Asia,Electronics,Monitor,3,1204.11,15,793.92
63,2025-09-01,South America,Sports,Dumbbell,9,674.41,0,487.66
64,2025-05-03,Asia,Home,Desk,5,1151.06,10,742.87
65,2025-10-04,North America,Sports,Football,5,359.4,0,214.17
66,2025-02-02,South America,Clothing,Jeans,4,580.72,0,413.43
67,2025-08-04,South America,Sports,Yoga Mat,9,704.23,0,395.81
68,2025-07-19,South America,Electronics,Monitor,8,18.79,0,11.08
69,2025-06-22,South America,Clothing,Shoes,4,416.67,5,211.96
70,2025-07-21,North America,Clothing,Shoes,3,1471.28,10,747.54
71,2025-07-14,Asia,Electronics,Monitor,3,1301.61,0,670.44
72,2025-08-04,Asia,Clothing,Shoes,6,512.88,5,299.25
73,2025-06-29,Europe,Electronics,Monitor,1,1126.05,0,900.81
74,2025-11-15,Europe,Electronics,Laptop,1,1424.92,0,1071.21
75,2025-08-27,Asia,Clothing,Jeans,8,1007.49,10,790.2
76,2025-03-25,Asia,Home,Desk,10,914.8,15,654.55
77,2025-04-12,North America,Electronics,Laptop,5,867.94,5,537.25
78,2025-10-17,North America,Clothing,T-Shirt,5,1276.94,10,947.05
79,2025-08-04,South America,Home,Shelf,6,112.75,15,67.92
80,2025-03-20,South America,Electronics,Monitor,6,957.02,20,610.5
81,2025-08-27,South America,Clothing,Jacket,10,1214.22,10,889.29
82,2025-08-19,Europe,Home,Lamp,4,1247.79,0,728.31
83,2025-09-07,Europe,Sports,Dumbbell,6,52.76,20,31.52
84,2025-05-22,North America,Home,Lamp,6,426.69,10,303.1
85,2025-05-04,South America,Clothing,T-Shirt,4,1082.91,5,721.82
86,2025-05-05,Asia,Sports,Dumbbell,1,148.65,0,92.36
87,2025-10-09,Asia,Home,Shelf,9,801.07,5,640.05
88,2025-04-09,Asia,Home,Shelf,5,466.87,0,250.33
89,2025-10-29,Asia,Electronics,Mouse,4,332.41,5,193.78
90,2025-12-29,Europe,Electronics,Mouse,5,348.95,0,206.12
91,2025-11-23,South America,Home,Chair,1,834.5,15,653.6
92,2025-04-05,North America,Electronics,Laptop,10,433.67,5,274.14
93,2025-10-23,North America,Home,Shelf,2,1234.95,5,799.66
94,2025-03-02,South America,Clothing,Jeans,10,1424.2,0,1136.76
95,2025-08-08,Asia,Clothing,Shoes,8,1363.67,0,1033.73
96,2025-03-22,Europe,Electronics,Laptop,4,942.02,0,657.65
97,2025-08-29,Asia,Clothing,T-Shirt,3,13.99,5,9.89
98,2025-02-06,Europe,Electronics,Mouse,5,1063.36,15,805.9
99,2025-05-17,Europe,Home,Desk,7,181.02,0,125.68
100,2025-10-19,Asia,Electronics,Laptop,3,1191.02,10,863.12
101,2025-05-20,South America,Sports,Football,8,1036.13,15,643.18
102,2025-11-06,Asia,Sports,Football,10,69.39,5,49.99
103,2025-10-28,North America,Electronics,Laptop,4,1443.25,20,1094.21
104,2025-05-23,Europe,Home,Chair,3,711.05,15,449.86
105,2025-12-10,North America,Sports,Dumbbell,2,710.32,5,426.19
106,2025-07-25,North America,Clothing,Jacket,7,1043.57,0,729.22
107,2025-07-26,North America,Sports,Football,6,386.07,0,305.4
108,2025-09-13,South America,Sports,Dumbbell,1,289.5,0,198.83
109,2025-12-24,South America,Electronics,Mouse,5,828.34,0,523.04
110,2025-10-10,North America,Electronics,Laptop,10,1200.98,15,657.55
111,2025-03-02,Europe,Sports,Football,4,1488.46,0,950.28
112,2025-08-30,Europe,Sports,Yoga Mat,9,1061.06,5,796.24
113,2025-03-11,North America,Sports,Tennis Racket,7,294.01,10,191.83
114,2025-01-02,Asia,Home,Shelf,6,1402.03,10,813.39
115,2025-10-10,South America,Home,Shelf,3,675.36,5,407.6
116,2025-04-30,South America,Sports,Yoga Mat,4,1471.35,0,988.07
117,2025-12-06,Europe,Electronics,Keyboard,8,1060.79,20,651.72
118,2025-02-21,South America,Sports,Football,3,758.41,10,454.74
119,2025-03-21,North America,Electronics,Monitor,1,1086.44,5,827.08
120,2025-06-18,South America,Sports,Yoga Mat,6,938.66,5,652.32
121,2025-12-17,Asia,Home,Shelf,9,63.49,0,36.22
122,2025-02-21,South America,Clothing,T-Shirt,7,1467.72,20,1012.91
123,2025-07-03,Asia,Clothing,Jacket,1,78.53,20,40.59
124,2025-04-03,Europe,Sports,Tennis Racket,4,801.44,10,564.65
125,2025-09-12,Europe,Clothing,T-Shirt,10,1307.55,10,921.74
126,2025-08-27,Asia,Clothing,Shoes,5,694.76,15,349.34
127,2025-08-06,Asia,Clothing,T-Shirt,8,1418.4,10,836.5
128,2025-05-02,South America,Sports,Yoga Mat,4,1499.07,20,966.84
129,2025-05-21,North America,Home,Lamp,5,42.69,20,29.77
130,2025-06-30,Europe,Electronics,Monitor,5,1165.85,0,795.25
131,2025-06-08,South America,Clothing,Jacket,3,946.09,15,656.49
132,2025-08-01,Europe,Electronics,Keyboard,3,144.3,0,86.29
133,2025-05-20,Europe,Clothing,Jeans,9,1315.93,0,867.53
134,2025-08-28,North America,Home,Shelf,5,1122.37,0,831.98
135,2025-02-16,South America,Clothing,Jeans,7,1451.23,20,968.25
136,2025-12-11,Asia,Electronics,Keyboard,9,194.15,0,136.26
137,2025-10-15,Asia,Sports,Yoga Mat,2,1015.51,5,515.38
138,2025-03-01,Europe,Clothing,T-Shirt,8,1364.99,0,948.36
139,2025-10-03,Europe,Electronics,Laptop,5,1493.93,0,790.52
140,2025-10-04,South America,Sports,Dumbbell,6,1009.02,15,715.34
141,2025-05-24,North America,Clothing,Shoes,2,1252.2,10,779.41
142,2025-02-20,Asia,Home,Desk,8,672.6,0,508.91
143,2025-08-21,North America,Home,Chair,7,421.06,0,330.41
144,2025-10-17,Europe,Clothing,T-Shirt,1,1182.32,0,941.89
145,2025-03-17,North America,Electronics,Mouse,10,331.77,20,189.08
146,2025-12-05,North America,Home,Desk,3,814.92,20,450.12
147,2025-01-09,Europe,Clothing,T-Shirt,6,1187.08,0,803.24
148,2025-02-02,South America,Home,Chair,3,1115.16,10,595.6
149,2025-11-11,North America,Sports,Yoga Mat,9,894.56,5,582.49
150,2025-08-07,North America,Home,Shelf,1,100.63,5,75.89
151,2025-02-03,Europe,Sports,Dumbbell,2,1349.91,0,921.3
152,2025-09-16,South America,Home,Lamp,7,1492.0,10,878.0
153,2025-04-27,South America,Electronics,Laptop,9,1084.05,0,681.89
154,2025-06-10,Asia,Home,Shelf,7,629.82,0,373.96
155,2025-08-10,North America,Home,Desk,8,110.03,20,57.83
156,2025-12-10,North America,Home,Desk,9,99.37,10,66.43
157,2025-05-28,Asia,Sports,Yoga Mat,7,1303.46,15,671.85
158,2025-04-25,North America,Home,Chair,10,766.04,0,533.95
159,2025-08-08,North America,Home,Lamp,2,1146.28,10,650.91
160,2025-06-23,Asia,Home,Chair,3,417.17,20,247.25
161,2025-11-21,North America,Electronics,Mouse,3,853.82,5,444.73
162,2025-06-09,Asia,Electronics,Mouse,7,635.55,0,347.79
163,2025-02-11,Asia,Electronics,Laptop,3,244.54,10,125.92
164,2025-09-20,North America,Sports,Dumbbell,8,914.54,5,532.22
165,2025-09-27,Asia,Home,Shelf,2,432.04,15,292.9
166,2025-06-04,Europe,Electronics,Mouse,7,1476.82,0,741.82
167,2025-08-09,Europe,Clothing,Jacket,5,498.9,0,323.89
168,2025-12-09,Asia,Clothing,Shoes,9,1058.47,10,706.65
169,2025-06-10,South America,Electronics,Monitor,1,659.97,5,512.37
170,2025-03-29,South America,Sports,Dumbbell,5,181.61,0,143.45
171,2025-07-25,North America,Home,Chair,7,1268.28,0,799.91
172,2025-09-19,North America,Sports,Yoga Mat,6,340.14,20,187.23
173,2025-03-17,Europe,Clothing,Jacket,6,1093.79,20,758.69
174,2025-12-02,North America,Electronics,Mouse,5,303.93,10,165.9
175,2025-12-15,Asia,Clothing,Shoes,8,1134.12,20,764.22
176,2025-05-21,North America,Home,Desk,8,111.75,5,77.04
177,2025-05-27,North America,Home,Chair,5,698.0,0,360.91
178,2025-01-22,South America,Electronics,Monitor,8,874.69,20,631.24
179,2025-08-19,North America,Clothing,Jacket,10,718.69,0,565.84
180,2025-08-13,South America,Home,Chair,9,972.73,0,558.66
181,2025-06-23,North America,Clothing,Jacket,6,1377.73,5,857.82
182,2025-05-10,Europe,Home,Chair,6,150.81,15,92.89
183,2025-12-02,South America,Home,Chair,10,998.78,0,592.35
184,2025-03-07,North America,Clothing,T-Shirt,5,842.79,15,621.56
185,2025-06-24,South America,Sports,Yoga Mat,1,550.27,0,432.15
186,2025-02-21,North America,Clothing,Jeans,3,240.87,0,181.45
187,2025-12-21,Europe,Home,Desk,10,571.31,0,316.65
188,2025-08-16,Asia,Sports,Football,7,552.81,15,315.8
189,2025-04-10,Asia,Sports,Tennis Racket,9,366.36,20,269.39
190,2025-03-24,Europe,Sports,Dumbbell,5,1169.4,10,769.74
191,2025-02-22,North America,Clothing,Jacket,1,965.36,20,590.19
192,2025-08-12,North America,Home,Chair,3,416.46,10,226.64
193,2025-09-15,Asia,Clothing,Shoes,6,1396.4,5,720.51
194,2025-02-20,Asia,Clothing,Shoes,2,568.62,0,338.67
195,2025-03-13,South America,Clothing,Jeans,1,437.45,20,280.73
196,2025-10-08,South America,Sports,Football,2,38.32,0,28.76
197,2025-11-24,South America,Electronics,Keyboard,4,458.72,0,262.17
198,2025-10-22,Europe,Electronics,Laptop,8,899.14,0,620.03
199,2025-08-02,Europe,Clothing,Jacket,7,12.33,0,7.05
200,2025-09-17,North America,Electronics,Keyboard,2,1430.57,10,933.02
201,2025-01-09,Asia,Sports,Dumbbell,1,957.15,0,551.41
202,2025-10-25,Asia,Electronics,Keyboard,4,1102.08,15,585.31
203,2025-12-17,South America,Clothing,T-Shirt,6,823.56,20,570.59
204,2025-01-19,Asia,Sports,Tennis Racket,3,104.02,20,81.46
205,2025-09-21,South America,Clothing,T-Shirt,4,1329.83,0,1037.28
206,2025-01-25,Asia,Sports,Yoga Mat,1,1132.4,0,663.4
207,2025-07-17,Asia,Home,Chair,6,661.06,5,477.94
208,2025-02-12,South America,Clothing,Shoes,8,557.35,20,365.5
209,2025-06-14,North America,Electronics,Monitor,10,1492.7,0,990.62
210,2025-03-27,South America,Electronics,Keyboard,5,466.68,10,333.82
211,2025-08-11,Asia,Home,Shelf,1,1092.95,0,748.08
212,2025-03-23,North America,Electronics,Laptop,7,551.33,20,399.7
213,2025-07-07,Asia,Clothing,Shoes,1,198.08,0,145.3
214,2025-07-10,South America,Sports,Football,10,238.62,5,187.23
215,2025-05-08,North America,Electronics,Mouse,9,556.76,0,386.87
216,2025-05-14,South America,Electronics,Mouse,8,781.44,10,418.33
217,2025-08-20,Europe,Clothing,Jacket,8,308.27,0,233.01
218,2025-10-05,Asia,Sports,Football,6,1005.08,15,522.12
219,2025-04-13,Europe,Home,Desk,3,1192.61,10,676.53
220,2025-10-10,Europe,Clothing,Shoes,1,547.74,10,334.49
221,2025-09-27,South America,Electronics,Laptop,5,603.26,15,431.73
222,2025-08-27,Asia,Sports,Football,3,1458.85,15,761.88
223,2025-03-05,Europe,Clothing,Jeans,3,654.6,20,338.18
224,2025-09-23,Asia,Home,Desk,3,490.76,15,278.58
225,2025-11-17,Asia,Electronics,Keyboard,4,956.24,10,556.85
226,2025-11-16,Asia,Electronics,Mouse,10,1412.99,0,779.07
227,2025-05-16,Europe,Electronics,Laptop,2,77.74,15,56.85
228,2025-06-04,South America,Sports,Football,8,1334.61,10,783.28
229,2025-08-14,South America,Clothing,Shoes,5,685.78,15,355.22
230,2025-06-13,Asia,Sports,Dumbbell,4,516.89,0,306.92
231,2025-08-27,North America,Sports,Tennis Racket,6,777.32,0,463.08
232,2025-07-16,South America,Home,Shelf,4,219.91,0,129.1
233,2025-03-23,South America,Clothing,Jeans,6,1401.29,15,832.11
234,2025-09-16,South America,Sports,Dumbbell,5,751.08,0,588.52
235,2025-11-02,South America,Clothing,Jeans,10,535.81,0,313.13
236,2025-07-26,Asia,Home,Chair,2,652.08,0,468.36
237,2025-05-28,North America,Electronics,Monitor,1,859.72,0,523.36
238,2025-03-02,Europe,Sports,Dumbbell,9,426.78,10,300.5
239,2025-07-07,Europe,Electronics,Monitor,6,1194.4,0,797.08
240,2025-06-20,South America,Clothing,Shoes,9,69.98,0,37.87
241,2025-11-10,Asia,Sports,Tennis Racket,10,1340.77,0,802.3
242,2025-09-17,South America,Clothing,Shoes,10,1111.59,0,753.79
243,2025-08-02,Asia,Home,Shelf,1,558.85,15,297.8
244,2025-10-24,Europe,Electronics,Monitor,5,1450.94,20,1148.59
245,2025-07-14,Europe,Electronics,Monitor,3,791.11,15,542.64
246,2025-08-14,Asia,Clothing,T-Shirt,10,1422.83,0,792.85
247,2025-11-10,South America,Sports,Tennis Racket,7,1038.85,5,675.82
248,2025-09-02,South America,Electronics,Mouse,9,318.94,0,254.97
249,2025-12-13,Asia,Home,Desk,8,1369.06,0,908.89
250,2025-06-02,Asia,Sports,Tennis Racket,4,425.72,0,241.58
251,2025-05-21,Asia,Clothing,Shoes,6,724.91,10,565.51
252,2025-05-29,North America,Electronics,Monitor,7,1229.38,20,911.44
253,2025-09-03,Europe,Home,Chair,6,1386.77,15,800.07
254,2025-10-28,Europe,Clothing,Jacket,9,1047.3,0,557.97
255,2025-07-31,Asia,Clothing,T-Shirt,9,346.25,0,178.58
256,2025-03-22,South America,Sports,Football,3,17.72,10,14.06
257,2025-11-27,North America,Sports,Dumbbell,4,1136.31,0,677.64
258,2025-03-31,South America,Electronics,Mouse,9,1110.64,20,867.41
259,2025-05-29,North America,Clothing,T-Shirt,7,1184.06,0,924.73
260,2025-11-25,South America,Electronics,Keyboard,10,908.15,0,531.6
261,2025-08-23,Asia,Clothing,Shoes,5,297.29,0,178.14
262,2025-04-09,Europe,Clothing,T-Shirt,6,1188.24,10,834.53
263,2025-04-05,Europe,Sports,Dumbbell,9,498.61,5,349.41
264,2025-05-17,Asia,Sports,Yoga Mat,4,20.18,5,11.52
265,2025-12-08,North America,Home,Chair,5,983.99,15,561.75
266,2025-12-27,Asia,Sports,Yoga Mat,3,614.07,10,477.09
267,2025-09-02,Europe,Electronics,Keyboard,6,925.79,0,728.79
268,2025-12-07,Europe,Sports,Yoga Mat,7,1055.89,5,767.85
269,2025-10-16,North America,Clothing,T-Shirt,9,675.65,15,411.16
270,2025-09-24,South America,Electronics,Mouse,10,809.62,0,484.51
271,2025-01-29,South America,Electronics,Mouse,10,738.35,10,467.85
272,2025-06-07,North America,Clothing,Shoes,8,850.23,10,543.05
273,2025-08-05,Asia,Sports,Yoga Mat,1,1121.25,10,585.19
274,2025-07-29,Europe,Electronics,Laptop,2,1479.34,5,753.75
275,2025-07-13,South America,Clothing,Shoes,6,1489.36,5,945.09
276,2025-03-07,Europe,Electronics,Mouse,6,186.76,10,115.4
277,2025-09-30,South America,Electronics,Laptop,5,699.88,15,464.25
278,2025-02-27,North America,Clothing,Jeans,8,525.78,0,292.62
279,2025-08-17,North America,Sports,Football,4,317.06,0,215.02
280,2025-01-29,Europe,Clothing,T-Shirt,7,664.05,10,375.31
281,2025-06-14,Europe,Home,Desk,10,485.17,10,355.03
282,2025-10-13,Europe,Home,Desk,9,339.35,0,197.69
283,2025-09-26,Asia,Sports,Dumbbell,1,1458.71,15,1023.14
284,2025-08-31,Europe,Sports,Dumbbell,3,456.83,0,331.81
285,2025-08-02,Europe,Clothing,Jacket,3,1210.61,0,809.55
286,2025-08-19,Asia,Sports,Tennis Racket,5,312.97,15,163.91
287,2025-01-21,North America,Electronics,Mouse,1,410.01,15,279.42
288,2025-01-08,Europe,Clothing,Jeans,8,321.24,0,189.84
289,2025-04-15,South America,Clothing,T-Shirt,8,1372.52,15,935.13
290,2025-06-07,Asia,Clothing,Jacket,5,577.19,10,400.93
291,2025-06-13,Europe,Home,Shelf,8,156.93,15,100.57
292,2025-03-16,North America,Home,Lamp,7,78.12,20,44.25
293,2025-10-19,Europe,Home,Shelf,5,237.09,0,134.91
294,2025-11-25,South America,Sports,Yoga Mat,5,1147.41,5,906.4
295,2025-04-05,North America,Sports,Tennis Racket,6,262.21,15,174.1
296,2025-11-19,Europe,Electronics,Laptop,1,1148.86,5,621.82
297,2025-11-13,South America,Electronics,Mouse,1,335.89,5,205.55
298,2025-09-29,Asia,Sports,Football,1,803.0,5,404.35
299,2025-04-02,North America,Home,Chair,9,1221.6,15,768.6
300,2025-07-01,Asia,Electronics,Mouse,4,295.98,10,170.4
301,2025-12-23,Europe,Sports,Football,6,1439.35,5,963.65
302,2025-09-01,North America,Home,Chair,1,149.32,5,91.56
303,2025-06-19,North America,Electronics,Mouse,2,754.79,5,523.43
304,2025-09-01,Asia,Electronics,Mouse,4,1352.9,15,1036.68
305,2025-04-02,Asia,Electronics,Laptop,5,1349.97,10,941.51
306,2025-07-23,North America,Electronics,Mouse,10,224.85,20,160.5
307,2025-12-13,Asia,Home,Desk,10,368.3,20,278.0
308,2025-08-12,Europe,Sports,Tennis Racket,2,756.18,0,390.27
309,2025-06-17,North America,Electronics,Keyboard,10,1155.82,10,715.47
310,2025-08-10,Europe,Home,Shelf,8,349.93,10,273.77
311,2025-02-12,Asia,Sports,Football,10,450.12,0,321.36
312,2025-02-16,North America,Clothing,Shoes,3,1112.09,0,676.38
313,2025-04-06,South America,Home,Shelf,6,1144.41,0,617.7
314,2025-11-02,Asia,Sports,Dumbbell,2,49.13,0,32.73
315,2025-10-14,Europe,Sports,Football,5,626.58,20,329.21
316,2025-03-16,North America,Clothing,Shoes,3,216.87,0,125.9
317,2025-07-04,Asia,Clothing,Shoes,5,637.44,5,468.39
318,2025-06-05,North America,Clothing,Shoes,10,928.84,5,494.23
319,2025-06-21,South America,Sports,Yoga Mat,10,576.04,20,344.97
320,2025-06-10,Europe,Clothing,Jacket,6,908.78,15,509.15
321,2025-10-22,Europe,Sports,Yoga Mat,5,1104.96,15,715.24
322,2025-10-16,Europe,Home,Shelf,5,1226.58,5,747.61
323,2025-05-30,North America,Clothing,T-Shirt,8,1415.03,0,893.64
324,2025-03-20,South America,Sports,Dumbbell,3,953.67,0,549.13
325,2025-10-01,South America,Sports,Football,8,1486.14,5,1002.66
326,2025-05-08,Asia,Electronics,Keyboard,9,894.79,0,476.75
327,2025-06-19,South America,Clothing,T-Shirt,10,1475.58,15,1024.09
328,2025-10-13,Europe,Electronics,Laptop,2,395.52,10,286.38
329,2025-09-14,Europe,Sports,Yoga Mat,7,699.96,15,473.58
330,2025-02-13,North America,Home,Chair,8,165.78,5,128.67
331,2025-09-05,Asia,Clothing,Jacket,5,521.17,20,292.93
332,2025-06-03,North America,Sports,Football,8,1085.77,5,646.76
333,2025-05-05,Europe,Electronics,Laptop,6,975.48,15,721.87
334,2025-07-27,Europe,Clothing,Jacket,9,645.29,5,367.53
335,2025-08-19,South America,Clothing,Shoes,7,53.5,10,40.92
336,2025-02-02,North America,Sports,Football,4,316.62,20,225.16
337,2025-09-08,Asia,Clothing,Jacket,6,303.64,0,175.72
338,2025-11-13,Europe,Sports,Dumbbell,10,180.21,0,135.82
339,2025-04-04,Asia,Home,Chair,3,476.65,0,281.99
340,2025-04-06,South America,Clothing,Shoes,7,898.67,10,552.78
341,2025-08-19,North America,Clothing,Jeans,8,440.36,0,261.74
342,2025-10-15,South America,Home,Chair,8,213.44,20,131.3
343,2025-02-12,North America,Sports,Dumbbell,7,1068.11,5,690.65
344,2025-08-23,South America,Clothing,Jacket,1,419.53,10,246.1
345,2025-10-05,North America,Electronics,Laptop,5,1164.92,20,928.75
346,2025-05-07,Asia,Sports,Tennis Racket,7,162.6,20,113.19
347,2025-03-02,Europe,Electronics,Monitor,5,529.38,20,278.5
348,2025-04-16,Europe,Clothing,Jacket,10,952.83,0,652.54
349,2025-12-27,Asia,Electronics,Keyboard,9,428.82,10,236.07
350,2025-03-11,South America,Home,Lamp,9,1478.38,15,1100.73
351,2025-12-31,Asia,Electronics,Keyboard,3,1055.13,0,606.6
352,2025-08-01,South America,Clothing,Shoes,8,221.84,15,128.8
353,2025-07-08,South America,Sports,Football,2,610.25,15,356.06
354,2025-02-17,South America,Sports,Yoga Mat,10,13.68,20,10.32
355,2025-09-11,Asia,Home,Chair,9,602.6,5,450.42
356,2025-09-06,Asia,Home,Lamp,6,825.49,0,552.95
357,2025-03-05,Europe,Electronics,Laptop,2,943.01,20,601.52
358,2025-12-19,Europe,Sports,Dumbbell,1,1487.84,5,834.23
359,2025-07-10,Europe,Home,Desk,5,149.08,0,85.74
360,2025-12-02,North America,Electronics,Monitor,5,1091.72,20,622.55
361,2025-09-23,South America,Electronics,Laptop,4,720.44,0,488.53
362,2025-03-09,South America,Electronics,Laptop,6,1227.49,20,769.26
363,2025-06-10,Asia,Electronics,Mouse,7,143.1,20,75.95
364,2025-11-25,Europe,Home,Desk,7,1162.46,20,886.2
365,2025-04-20,Europe,Electronics,Laptop,10,978.53,5,592.36
366,2025-03-05,South America,Sports,Dumbbell,4,139.17,0,75.43
367,2025-02-13,Europe,Home,Shelf,6,1188.7,0,693.12
368,2025-07-20,Asia,Home,Chair,5,316.11,10,206.37
369,2025-11-01,North America,Electronics,Mouse,8,584.97,0,380.16
370,2025-08-04,Asia,Electronics,Keyboard,6,206.65,20,155.34
371,2025-04-21,North America,Clothing,Shoes,2,34.87,0,17.58
372,2025-08-01,South America,Electronics,Monitor,9,436.87,15,284.1
373,2025-06-08,North America,Sports,Football,9,811.11,0,473.07
374,2025-11-29,North America,Clothing,Jeans,9,496.86,10,342.98
375,2025-03-01,South America,Home,Shelf,4,96.28,0,74.85
376,2025-01-06,Europe,Electronics,Keyboard,3,187.97,15,101.72
377,2025-03-27,Asia,Sports,Yoga Mat,9,780.66,20,559.13
378,2025-08-08,Asia,Clothing,Jacket,2,1159.43,0,696.24
379,2025-07-04,North America,Electronics,Keyboard,10,945.02,5,601.56
380,2025-10-21,North America,Sports,Tennis Racket,6,244.39,20,129.74
381,2025-08-30,Asia,Clothing,T-Shirt,1,1289.45,0,739.33
382,2025-12-02,South America,Sports,Tennis Racket,3,1397.43,20,713.54
383,2025-02-09,Asia,Clothing,Jacket,4,630.22,15,375.6
384,2025-07-25,North America,Electronics,Laptop,3,342.55,10,272.13
385,2025-07-08,Europe,Sports,Yoga Mat,5,497.68,10,317.03
386,2025-09-10,Europe,Home,Lamp,10,371.45,0,251.66
387,2025-06-27,North America,Clothing,Jeans,1,1399.27,0,797.44
388,2025-04-16,Europe,Home,Chair,7,1275.02,15,755.13
389,2025-02-17,North America,Sports,Dumbbell,1,1459.11,0,1041.07
390,2025-02-18,Europe,Clothing,Shoes,6,693.1,15,364.2
391,2025-03-08,Europe,Sports,Football,10,856.05,5,598.15
392,2025-06-17,Asia,Home,Lamp,6,1389.8,5,987.06
393,2025-10-27,North America,Sports,Yoga Mat,4,121.28,0,65.59
394,2025-10-02,Asia,Clothing,T-Shirt,3,679.85,0,422.84
395,2025-03-22,Asia,Clothing,Shoes,5,700.39,20,375.39
396,2025-07-02,South America,Electronics,Mouse,6,231.0,15,132.7
397,2025-07-27,South America,Electronics,Keyboard,5,1231.93,0,627.45
398,2025-01-07,North America,Clothing,T-Shirt,8,161.84,20,87.71
399,2025-11-27,North America,Clothing,Jeans,4,1237.27,0,873.37
400,2025-08-16,Europe,Home,Chair,1,1495.77,0,1152.86
401,2025-10-21,South America,Electronics,Keyboard,2,73.62,5,37.93
402,2025-04-20,Europe,Sports,Dumbbell,1,580.27,5,320.22
403,2025-11-12,Europe,Home,Lamp,8,1326.3,0,907.5
404,2025-05-24,South America,Home,Shelf,7,1325.34,5,686.92
405,2025-11-19,North America,Clothing,Shoes,4,967.55,20,636.4
406,2025-10-17,Asia,Sports,Yoga Mat,8,821.33,5,495.43
407,2025-05-24,North America,Sports,Yoga Mat,3,48.83,10,27.62
408,2025-12-03,Europe,Sports,Yoga Mat,10,1499.41,0,794.75
409,2025-03-30,Europe,Home,Chair,4,867.78,20,535.01
410,2025-06-30,Europe,Clothing,Jacket,6,1371.83,0,975.42
411,2025-01-29,Europe,Clothing,Shoes,9,470.49,5,240.6
412,2025-04-14,Europe,Clothing,T-Shirt,9,722.2,0,559.97
413,2025-03-14,North America,Home,Desk,6,98.74,0,66.75
414,2025-02-21,Asia,Home,Chair,6,1059.76,15,655.65
415,2025-11-24,South America,Home,Lamp,3,1464.03,15,1148.69
416,2025-04-25,Europe,Home,Desk,9,1043.4,10,768.04
417,2025-12-26,South America,Sports,Yoga Mat,5,199.75,15,99.98
418,2025-04-24,North America,Electronics,Mouse,10,484.14,20,382.6
419,2025-06-13,Europe,Sports,Tennis Racket,6,1120.56,0,676.87
420,2025-02-04,Asia,Electronics,Keyboard,8,26.98,0,15.51
421,2025-03-27,South America,Home,Chair,1,81.74,5,58.83
422,2025-10-23,Europe,Sports,Dumbbell,6,823.58,0,616.57
423,2025-06-13,Asia,Clothing,Shoes,2,1200.8,0,706.64
424,2025-02-08,North America,Electronics,Laptop,6,263.46,5,144.45
425,2025-08-11,Europe,Home,Shelf,1,652.67,15,358.64
426,2025-10-11,Asia,Electronics,Laptop,6,316.27,0,196.97
427,2025-09-09,Europe,Home,Lamp,4,152.91,5,102.68
428,2025-11-17,South America,Electronics,Keyboard,1,647.13,0,483.52
429,2025-02-11,South America,Clothing,T-Shirt,1,318.36,15,187.05
430,2025-11-25,South America,Electronics,Keyboard,7,711.71,15,412.44
431,2025-08-14,South America,Clothing,Jacket,7,560.41,5,287.71
432,2025-12-08,North America,Home,Desk,5,850.73,0,617.35
433,2025-10-11,North America,Electronics,Keyboard,9,626.84,20,424.32
434,2025-05-01,South America,Sports,Dumbbell,9,1033.73,5,694.47
435,2025-10-20,Europe,Home,Chair,7,1355.14,15,691.69
436,2025-04-09,Europe,Electronics,Monitor,3,1424.1,0,1127.39
437,2025-11-18,Europe,Electronics,Monitor,2,1482.54,5,831.08
438,2025-06-16,Asia,Home,Lamp,2,139.67,10,86.48
439,2025-08-01,Europe,Sports,Football,10,885.49,20,554.21
440,2025-10-02,Asia,Clothing,T-Shirt,2,848.4,0,624.19
441,2025-01-20,Europe,Sports,Yoga Mat,7,985.63,10,672.88
442,2025-01-20,South America,Home,Shelf,3,931.18,15,659.37
443,2025-01-11,Asia,Home,Desk,1,1121.17,0,862.3
444,2025-02-20,Europe,Home,Lamp,5,1265.84,20,897.3
445,2025-08-02,North America,Clothing,Jacket,8,1163.31,0,675.68
446,2025-09-22,Asia,Clothing,Shoes,4,1371.01,5,990.26
447,2025-09-26,North America,Electronics,Mouse,2,473.57,10,294.09
448,2025-01-26,Asia,Clothing,Jeans,4,1257.1,0,641.02
449,2025-03-05,North America,Clothing,Jacket,6,1237.02,10,765.82
450,2025-08-31,Asia,Clothing,Jacket,8,895.12,0,705.49
451,2025-01-15,South America,Home,Desk,5,1125.95,15,593.51
452,2025-11-28,Europe,Electronics,Mouse,10,1171.95,0,887.32
453,2025-12-16,North America,Clothing,Jacket,7,774.79,20,568.77
454,2025-11-08,Asia,Sports,Tennis Racket,3,905.7,0,513.65
455,2025-08-27,Asia,Home,Shelf,7,1278.86,5,736.11
456,2025-07-11,Asia,Sports,Football,1,772.16,15,609.96
457,2025-05-22,Asia,Home,Chair,8,105.12,0,72.76
458,2025-11-04,South America,Home,Desk,3,780.77,0,601.12
459,2025-08-03,South America,Home,Desk,1,986.55,0,570.06
460,2025-06-25,Europe,Sports,Football,10,1065.02,10,793.23
461,2025-10-13,Europe,Sports,Yoga Mat,9,457.29,0,343.97
462,2025-10-14,Europe,Home,Chair,8,200.64,0,143.97
463,2025-08-04,Asia,Home,Chair,4,539.37,15,410.69
464,2025-01-28,North America,Home,Lamp,10,448.14,20,239.9
465,2025-06-02,South America,Sports,Tennis Racket,9,188.53,15,115.85
466,2025-10-19,South America,Electronics,Mouse,3,1488.6,0,927.04
467,2025-04-01,Asia,Clothing,Jacket,3,1170.62,5,702.12
468,2025-10-23,Europe,Electronics,Laptop,8,417.56,20,305.68
469,2025-08-08,South America,Sports,Football,3,925.57,15,582.02
470,2025-01-08,Asia,Sports,Football,1,805.34,15,492.81
471,2025-06-26,Asia,Clothing,T-Shirt,1,943.76,0,535.94
472,2025-01-24,Asia,Clothing,T-Shirt,7,759.97,0,418.06
473,2025-12-18,Europe,Home,Shelf,9,898.59,0,566.2
474,2025-07-26,North America,Home,Shelf,6,1127.67,0,884.57
475,2025-03-28,North America,Clothing,Jeans,3,324.67,0,219.77
476,2025-11-16,North America,Home,Chair,7,1316.05,0,962.53
477,2025-07-14,North America,Electronics,Laptop,1,81.87,0,51.17
478,2025-06-04,South America,Home,Shelf,3,316.19,15,217.88
479,2025-02-23,North America,Electronics,Keyboard,10,912.4,0,570.84
480,2025-05-15,Europe,Home,Chair,2,751.63,10,420.86
481,2025-04-17,South America,Home,Shelf,5,248.96,10,161.55
482,2025-10-21,South America,Home,Desk,1,29.0,0,22.39
483,2025-05-12,Europe,Clothing,T-Shirt,9,121.82,15,64.61
484,2025-01-21,Asia,Sports,Yoga Mat,5,701.77,0,522.08
485,2025-01-24,North America,Home,Lamp,7,1110.42,0,838.78
486,2025-05-18,North America,Clothing,Jeans,6,542.72,5,426.86
487,2025-05-20,South America,Home,Lamp,3,179.61,5,141.66
488,2025-03-23,North America,Sports,Dumbbell,3,178.45,15,128.11
489,2025-07-03,North America,Sports,Dumbbell,10,1020.81,0,697.62
490,2025-02-02,Asia,Clothing,Shoes,8,178.28,5,112.71
491,2025-04-25,Asia,Home,Chair,9,1153.62,10,827.3
492,2025-07-17,Europe,Electronics,Monitor,4,728.08,15,511.76
493,2025-03-26,North America,Electronics,Laptop,3,763.3,5,576.72
494,2025-04-25,South America,Sports,Yoga Mat,4,503.03,0,259.11
495,2025-02-15,South America,Sports,Tennis Racket,2,694.05,20,466.34
496,2025-02-22,South America,Sports,Yoga Mat,2,1471.2,15,1023.97
497,2025-11-06,Asia,Sports,Football,9,828.16,20,436.66
498,2025-08-21,Asia,Clothing,Shoes,6,551.38,0,410.77
499,2025-01-02,Asia,Sports,Yoga Mat,8,179.89,20,125.5
500,2025-03-26,South America,Home,Lamp,9,787.76,15,419.01
501,2025-07-21,Europe,Clothing,Shoes,2,388.89,0,216.33
502,2025-11-21,North America,Sports,Tennis Racket,6,170.57,5,87.66
503,2025-01-03,North America,Sports,Dumbbell,10,1434.72,0,1132.22
504,2025-03-30,Europe,Sports,Dumbbell,9,1173.81,0,830.52
505,2025-07-16,South America,Electronics,Monitor,10,913.18,0,594.69
506,2025-03-10,Europe,Clothing,Jacket,7,1445.75,0,919.29
507,2025-10-11,Europe,Sports,Yoga Mat,9,1292.45,15,931.92
508,2025-12-11,Europe,Clothing,Jeans,10,1074.43,15,648.51
509,2025-10-20,South America,Clothing,Jacket,2,1143.55,10,736.57
510,2025-01-28,North America,Home,Shelf,1,788.87,0,484.57
511,2025-02-01,Asia,Clothing,Jacket,3,1475.46,15,848.64
512,2025-12-12,Europe,Clothing,T-Shirt,6,1222.9,0,837.48
513,2025-12-21,North America,Sports,Tennis Racket,9,1178.62,20,835.45
514,2025-10-10,North America,Sports,Dumbbell,7,1435.49,15,852.39
515,2025-08-15,Europe,Electronics,Keyboard,4,934.64,20,708.58
516,2025-02-08,Europe,Home,Desk,4,448.32,0,356.43
517,2025-03-08,Europe,Clothing,T-Shirt,7,70.55,0,47.06
518,2025-06-15,North America,Home,Chair,6,704.83,0,360.86
519,2025-06-12,Europe,Home,Shelf,10,829.74,0,610.03
520,2025-02-17,Asia,Clothing,T-Shirt,9,247.46,10,163.6
521,2025-11-13,South America,Clothing,Jeans,6,503.29,0,284.63
522,2025-11-15,Europe,Electronics,Laptop,6,674.04,15,461.12
523,2025-10-04,Asia,Electronics,Keyboard,7,1374.74,0,846.51
524,2025-06-01,Europe,Electronics,Keyboard,9,1206.2,5,779.26
525,2025-01-04,North America,Home,Chair,2,259.42,20,171.58
526,2025-12-26,South America,Clothing,Jeans,7,1255.14,0,830.06
527,2025-02-07,North America,Electronics,Mouse,1,694.25,0,355.02
528,2025-05-13,South America,Clothing,Jacket,9,114.96,20,65.33
529,2025-03-02,North America,Sports,Dumbbell,7,655.21,0,404.17
530,2025-12-18,Asia,Electronics,Laptop,2,542.97,10,288.77
531,2025-08-31,Europe,Electronics,Keyboard,8,578.31,20,403.79
532,2025-11-21,Europe,Clothing,Jeans,7,1197.19,20,794.6
533,2025-01-22,North America,Home,Lamp,1,834.75,10,452.78
534,2025-06-26,Europe,Sports,Football,5,322.98,15,249.04
535,2025-04-10,North America,Sports,Tennis Racket,3,284.15,10,213.23
536,2025-12-10,North America,Clothing,T-Shirt,9,697.29,10,363.95
537,2025-07-02,Europe,Home,Chair,4,1091.13,5,857.04
538,2025-08-19,Asia,Clothing,T-Shirt,5,933.08,0,555.5
539,2025-08-08,Europe,Home,Desk,10,854.62,20,508.41
540,2025-08-12,Asia,Electronics,Keyboard,4,1180.63,15,852.35
541,2025-06-06,South America,Home,Desk,6,1318.05,5,835.13
542,2025-03-13,Europe,Electronics,Mouse,10,132.14,0,100.11
543,2025-01-16,South America,Home,Chair,2,1339.24,20,873.39
544,2025-03-18,Asia,Clothing,T-Shirt,9,398.32,10,255.57
545,2025-09-14,North America,Sports,Tennis Racket,10,1102.51,0,595.54
546,2025-11-11,Europe,Sports,Yoga Mat,9,25.78,0,19.45
547,2025-03-16,South America,Clothing,Shoes,3,276.93,10,193.25
548,2025-07-09,Europe,Home,Chair,4,1144.59,0,593.88
549,2025-08-21,North America,Electronics,Mouse,9,1362.51,0,839.89
550,2025-05-21,Asia,Electronics,Keyboard,2,1058.57,10,730.49
551,2025-02-09,Asia,Clothing,Shoes,7,554.29,15,426.51
552,2025-09-07,South America,Sports,Tennis Racket,9,614.7,20,467.37
553,2025-05-24,Europe,Electronics,Mouse,8,256.75,0,168.01
554,2025-12-05,Europe,Clothing,Jeans,3,549.71,15,409.58
555,2025-10-30,Europe,Sports,Yoga Mat,2,727.46,5,468.27
556,2025-03-10,North America,Sports,Football,4,74.29,10,50.35
557,2025-07-27,North America,Clothing,T-Shirt,3,394.81,0,258.6
558,2025-03-29,Europe,Home,Chair,4,679.31,5,516.41
559,2025-09-19,Asia,Sports,Tennis Racket,10,1232.48,0,846.67
560,2025-07-17,Europe,Clothing,Jacket,8,898.83,0,511.38
561,2025-03-18,North America,Electronics,Laptop,4,788.84,10,556.38
562,2025-03-02,North America,Clothing,Shoes,10,903.72,20,595.94
563,2025-12-14,South America,Sports,Tennis Racket,10,813.54,0,625.69
564,2025-09-04,South America,Sports,Yoga Mat,1,1049.49,5,597.0
565,2025-02-12,Asia,Home,Chair,7,209.49,5,152.88
566,2025-10-23,North America,Sports,Yoga Mat,4,18.15,15,13.37
567,2025-02-24,Europe,Electronics,Monitor,4,1034.77,0,644.3
568,2025-11-10,Asia,Sports,Yoga Mat,5,1283.92,5,859.46
569,2025-07-09,South America,Sports,Tennis Racket,7,832.64,10,536.84
570,2025-03-12,North America,Home,Lamp,10,523.09,15,324.02
571,2025-06-23,North America,Clothing,Shoes,3,159.42,10,98.87
572,2025-11-04,South America,Clothing,Shoes,1,1208.51,20,656.94
573,2025-07-16,South America,Electronics,Laptop,5,340.44,0,232.42
574,2025-12-03,Asia,Home,Chair,3,964.03,5,485.11
575,2025-03-28,North America,Clothing,T-Shirt,10,770.72,15,438.93
576,2025-07-24,Asia,Home,Desk,1,1463.71,0,1169.57
577,2025-02-05,North America,Sports,Dumbbell,10,308.46,0,222.42
578,2025-04-10,South America,Home,Lamp,6,1445.3,0,820.77
579,2025-02-07,Asia,Sports,Football,5,270.8,10,144.05
580,2025-10-22,Asia,Home,Chair,9,1435.5,10,1067.93
581,2025-08-23,South America,Sports,Dumbbell,10,730.61,0,531.33
582,2025-04-23,Europe,Electronics,Monitor,2,394.15,5,272.0
583,2025-05-15,Europe,Home,Shelf,6,779.59,0,553.7
584,2025-10-11,Europe,Home,Chair,7,1013.81,20,610.92
585,2025-12-16,Europe,Sports,Yoga Mat,6,335.66,10,194.93
586,2025-04-28,Europe,Sports,Tennis Racket,4,1105.79,20,640.94
587,2025-12-13,South America,Clothing,Jacket,3,1170.62,0,908.47
588,2025-10-22,Asia,Electronics,Laptop,8,563.08,0,364.71
589,2025-03-07,North America,Sports,Tennis Racket,9,427.6,0,310.03
590,2025-12-18,Europe,Sports,Dumbbell,9,58.52,0,36.17
591,2025-12-12,Europe,Sports,Football,9,695.51,15,349.51
592,2025-10-08,Asia,Sports,Football,6,548.79,20,317.15
593,2025-09-13,South America,Clothing,Jacket,8,1438.2,0,876.98
594,2025-04-03,Europe,Clothing,Shoes,6,553.97,5,323.46
595,2025-07-15,Europe,Clothing,T-Shirt,5,1208.09,10,760.69
596,2025-03-10,Asia,Clothing,Jeans,8,1210.45,0,758.29
597,2025-02-20,Europe,Sports,Yoga Mat,5,847.59,10,435.93
598,2025-06-21,Asia,Electronics,Mouse,5,720.04,15,380.82
599,2025-01-11,South America,Home,Lamp,9,840.66,20,485.33
600,2025-10-03,Europe,Electronics,Keyboard,10,306.45,10,212.97
601,2025-08-17,North America,Home,Lamp,6,1013.06,5,741.99
602,2025-11-24,Asia,Sports,Yoga Mat,8,951.25,0,723.4
603,2025-06-12,Asia,Sports,Dumbbell,2,127.88,0,72.7
604,2025-07-05,South America,Home,Shelf,5,1332.66,20,1011.28
605,2025-12-05,Asia,Sports,Tennis Racket,3,1282.78,0,921.46
606,2025-08-31,North America,Electronics,Mouse,3,601.6,0,312.31
607,2025-11-13,Europe,Electronics,Monitor,9,1149.84,0,610.77
608,2025-11-17,Europe,Electronics,Monitor,5,351.74,15,205.86
609,2025-06-16,South America,Clothing,Jeans,1,62.38,0,47.29
610,2025-10-30,South America,Sports,Yoga Mat,9,672.82,15,445.26
611,2025-08-15,Asia,Sports,Yoga Mat,6,727.66,0,539.5
612,2025-03-11,Asia,Home,Shelf,5,242.02,0,121.02
613,2025-09-02,Asia,Home,Shelf,9,22.39,5,17.56
614,2025-07-11,Europe,Electronics,Monitor,5,899.54,20,451.72
615,2025-07-19,South America,Sports,Dumbbell,7,382.35,15,275.73
616,2025-11-10,Asia,Clothing,Jacket,2,639.14,0,418.63
617,2025-05-29,North America,Home,Lamp,7,290.12,0,160.94
618,2025-01-10,Europe,Sports,Dumbbell,5,1053.7,5,586.21
619,2025-08-13,North America,Electronics,Laptop,3,1458.78,0,847.2
620,2025-06-09,South America,Clothing,T-Shirt,3,31.94,0,19.25
621,2025-03-16,North America,Home,Shelf,1,502.07,20,364.09
622,2025-05-09,South America,Home,Shelf,2,819.36,0,456.92
623,2025-01-18,Europe,Electronics,Laptop,4,583.35,5,334.93
624,2025-12-15,Asia,Sports,Football,9,1002.35,0,643.36
625,2025-05-10,South America,Home,Desk,1,1119.64,10,734.79
626,2025-02-27,Europe,Home,Desk,6,1332.4,20,932.69
627,2025-07-22,Europe,Sports,Yoga Mat,1,259.37,0,175.18
628,2025-03-21,Asia,Electronics,Laptop,10,1177.38,5,831.84
629,2025-11-17,North America,Electronics,Mouse,3,754.88,15,517.54
630,2025-09-07,Europe,Electronics,Keyboard,3,1054.98,20,561.48
631,2025-07-03,Europe,Home,Lamp,8,1102.45,0,779.18
632,2025-12-23,South America,Home,Chair,8,1062.87,10,625.41
633,2025-11-03,Europe,Clothing,Jeans,9,528.02,15,338.21
634,2025-08-21,North America,Electronics,Mouse,8,450.55,0,298.48
635,2025-05-03,Asia,Sports,Tennis Racket,1,933.4,0,684.0
636,2025-03-20,Asia,Electronics,Monitor,4,790.86,5,577.11
637,2025-01-23,Europe,Home,Shelf,6,174.59,10,121.81
638,2025-10-20,South America,Clothing,T-Shirt,4,169.51,0,89.78
639,2025-01-07,Europe,Sports,Yoga Mat,1,555.87,10,397.64
640,2025-08-01,Asia,Sports,Football,8,1203.52,0,732.07
641,2025-02-09,Europe,Electronics,Keyboard,9,70.57,0,52.95
642,2025-12-03,Europe,Electronics,Laptop,4,802.17,0,447.56
643,2025-08-23,South America,Clothing,Shoes,2,1151.76,10,699.57
644,2025-03-22,South America,Electronics,Mouse,3,829.45,10,498.71
645,2025-07-31,South America,Home,Lamp,9,1487.28,0,1120.6
646,2025-05-11,Asia,Home,Desk,10,822.98,5,600.54
647,2025-11-02,North America,Sports,Dumbbell,7,10.29,0,8.18
648,2025-06-11,North America,Clothing,Jacket,1,457.5,0,258.23
649,2025-05-16,Asia,Home,Desk,2,66.23,0,36.22
650,2025-10-19,Europe,Clothing,Jeans,5,1218.5,0,817.79
651,2025-12-26,North America,Electronics,Keyboard,8,267.62,20,205.99
652,2025-06-21,Asia,Home,Chair,10,578.5,20,298.96
653,2025-11-05,North America,Sports,Dumbbell,2,1305.98,0,945.93
654,2025-03-18,Asia,Sports,Football,5,791.33,0,523.84
655,2025-11-01,North America,Clothing,Jeans,1,1013.72,5,802.17
656,2025-02-12,South America,Clothing,Shoes,5,1181.69,0,637.71
657,2025-12-24,Europe,Electronics,Monitor,5,136.77,10,86.21
658,2025-04-11,Europe,Clothing,Shoes,9,305.18,5,212.31
659,2025-10-22,North America,Clothing,T-Shirt,5,1167.39,0,823.5
660,2025-11-01,North America,Electronics,Monitor,7,554.25,0,330.46
661,2025-03-16,South America,Home,Desk,6,928.17,20,587.22
662,2025-02-13,North America,Electronics,Mouse,4,1031.19,0,750.01
663,2025-05-28,North America,Electronics,Mouse,10,1390.83,20,1042.75
664,2025-10-03,Europe,Home,Chair,5,680.59,0,408.06
665,2025-12-22,North America,Clothing,Jacket,9,729.71,15,582.08
666,2025-12-23,Asia,Sports,Football,5,263.78,0,147.77
667,2025-12-04,Asia,Electronics,Monitor,1,109.23,15,63.51
668,2025-07-14,North America,Electronics,Laptop,5,1302.44,15,802.25
669,2025-08-23,North America,Home,Shelf,10,802.03,0,448.87
670,2025-03-22,North America,Electronics,Mouse,9,464.34,5,286.97
671,2025-09-14,Asia,Home,Lamp,6,941.59,0,752.14
672,2025-10-12,Asia,Electronics,Keyboard,7,1336.7,20,1065.49
673,2025-07-15,Europe,Clothing,Jeans,6,1346.79,15,728.85
674,2025-06-18,South America,Sports,Tennis Racket,10,237.6,0,183.65
675,2025-03-12,Asia,Clothing,Jeans,3,875.74,15,648.08
676,2025-06-12,North America,Clothing,Shoes,3,987.79,10,765.67
677,2025-06-13,South America,Electronics,Mouse,6,1260.89,0,905.48
678,2025-05-21,Europe,Sports,Yoga Mat,8,1120.96,20,861.17
679,2025-11-12,Asia,Clothing,T-Shirt,3,285.27,20,227.01
680,2025-09-02,Europe,Clothing,Jeans,4,1034.19,0,541.75
681,2025-03-25,Europe,Sports,Yoga Mat,3,1279.67,5,821.75
682,2025-07-31,Europe,Clothing,T-Shirt,7,1149.16,0,893.62
683,2025-09-08,Asia,Clothing,Jeans,2,273.85,5,208.16
684,2025-07-14,Asia,Sports,Tennis Racket,7,613.25,0,418.47
685,2025-01-22,Europe,Sports,Football,9,172.88,5,129.33
686,2025-01-26,Europe,Sports,Football,9,587.22,20,404.71
687,2025-08-25,Europe,Home,Shelf,7,1327.75,20,993.54
688,2025-03-14,South America,Sports,Yoga Mat,10,1379.36,15,903.61
689,2025-12-23,Europe,Sports,Football,9,178.63,20,120.69
690,2025-12-31,Europe,Sports,Dumbbell,6,681.82,0,433.71
691,2025-03-25,North America,Sports,Football,5,492.87,15,380.57
692,2025-07-16,Europe,Electronics,Laptop,8,954.77,0,627.42
693,2025-12-04,Europe,Sports,Dumbbell,1,1154.71,0,773.25
694,2025-06-08,South America,Clothing,Jeans,3,1156.04,0,723.54
695,2025-05-10,North America,Home,Desk,2,1348.83,0,675.84
696,2025-09-10,Europe,Sports,Dumbbell,8,819.82,0,559.44
697,2025-01-04,Europe,Clothing,Shoes,8,621.13,0,422.6
698,2025-01-19,Europe,Home,Desk,1,285.41,0,198.64
699,2025-04-02,Europe,Electronics,Keyboard,6,1381.37,0,735.81
700,2025-02-17,Asia,Home,Desk,8,1126.51,0,878.05
701,2025-10-09,North America,Home,Lamp,7,1232.19,20,774.06
702,2025-09-27,South America,Home,Shelf,3,191.81,20,111.7
703,2025-11-19,North America,Clothing,Jeans,10,96.7,10,69.52
704,2025-10-22,Asia,Sports,Yoga Mat,7,917.18,0,530.04
705,2025-04-03,Europe,Clothing,Shoes,9,1096.49,5,710.25
706,2025-03-02,Europe,Home,Desk,1,186.13,5,127.99
707,2025-04-19,North America,Sports,Dumbbell,1,507.35,10,376.36
708,2025-10-09,Asia,Clothing,Jacket,5,1187.39,0,700.66
709,2025-01-15,Europe,Electronics,Laptop,6,518.63,15,347.83
710,2025-01-19,Europe,Clothing,Jacket,6,1384.2,5,1072.55
711,2025-08-25,South America,Sports,Tennis Racket,8,1339.17,10,1029.53
712,2025-01-10,Europe,Electronics,Keyboard,10,1090.2,0,726.68
713,2025-06-23,South America,Home,Lamp,2,1454.72,0,1094.27
714,2025-06-07,Asia,Clothing,Shoes,3,896.84,20,658.91
715,2025-06-04,Europe,Electronics,Keyboard,7,139.33,0,85.2
716,2025-02-17,South America,Home,Desk,2,567.58,0,416.23
717,2025-09-26,Asia,Electronics,Monitor,9,239.58,0,186.18
718,2025-03-09,Europe,Home,Desk,2,1234.99,10,868.22
719,2025-06-09,North America,Electronics,Monitor,7,1073.38,10,573.99
720,2025-12-04,Asia,Electronics,Keyboard,8,1334.89,0,875.92
721,2025-09-30,Asia,Electronics,Keyboard,4,488.11,0,286.02
722,2025-11-15,North America,Sports,Football,5,232.49,0,124.23
723,2025-05-26,Europe,Clothing,Jacket,9,484.54,0,379.39
724,2025-01-26,Europe,Clothing,T-Shirt,5,923.76,0,611.69
725,2025-07-20,Europe,Electronics,Monitor,1,167.83,0,88.25
726,2025-12-10,North America,Sports,Yoga Mat,5,505.17,0,360.63
727,2025-08-22,Asia,Sports,Tennis Racket,2,1221.15,15,782.13
728,2025-11-12,Asia,Sports,Dumbbell,4,1421.7,0,1078.12
729,2025-06-16,South America,Home,Shelf,3,1052.43,15,630.51
730,2025-03-29,Asia,Sports,Football,2,718.25,0,462.26
731,2025-02-24,Asia,Home,Desk,9,163.37,20,116.69
732,2025-11-14,Europe,Electronics,Keyboard,9,696.85,10,434.86
733,2025-10-30,South America,Clothing,Shoes,7,108.43,0,80.69
734,2025-02-09,South America,Sports,Yoga Mat,9,1044.26,0,729.71
735,2025-06-07,South America,Electronics,Monitor,6,837.08,20,530.34
736,2025-11-27,North America,Electronics,Laptop,10,1159.3,5,693.52
737,2025-01-01,Europe,Electronics,Mouse,3,1332.02,20,920.21
738,2025-04-11,Europe,Clothing,Shoes,9,444.34,10,299.21
739,2025-08-11,Asia,Home,Lamp,10,1193.58,15,705.84
740,2025-05-31,North America,Electronics,Laptop,10,1479.77,5,1116.18
741,2025-02-26,Asia,Home,Chair,1,1058.0,20,839.64
742,2025-12-31,South America,Electronics,Mouse,7,1056.31,5,726.28
743,2025-03-13,Europe,Sports,Dumbbell,7,822.23,15,453.89
744,2025-03-10,North America,Sports,Yoga Mat,7,239.86,20,168.15
745,2025-03-11,North America,Electronics,Laptop,3,1084.8,5,756.52
746,2025-08-06,Europe,Clothing,Shoes,8,1341.44,15,913.96
747,2025-04-06,South America,Sports,Dumbbell,9,1231.91,5,747.27
748,2025-10-07,Asia,Electronics,Monitor,4,1071.07,0,667.55
749,2025-09-04,North America,Electronics,Laptop,10,730.07,0,389.82
750,2025-02-15,Europe,Clothing,Jacket,8,780.25,10,598.43
751,2025-06-25,North America,Sports,Football,9,1199.17,0,820.13
752,2025-08-04,Asia,Sports,Dumbbell,9,1360.02,10,979.41
753,2025-10-16,Asia,Home,Lamp,3,62.64,10,45.4
754,2025-05-30,North America,Electronics,Monitor,10,261.93,0,182.54
755,2025-05-23,Asia,Home,Shelf,2,198.96,0,150.3
756,2025-11-06,Europe,Clothing,Jacket,5,1288.21,0,930.64
757,2025-05-01,South America,Clothing,Shoes,6,1213.68,0,891.76
758,2025-03-20,South America,Clothing,T-Shirt,6,1476.27,0,1001.89
759,2025-04-18,Asia,Sports,Dumbbell,4,994.39,15,687.39
760,2025-06-04,South America,Electronics,Keyboard,2,88.26,5,54.69
761,2025-08-11,North America,Clothing,Shoes,7,717.14,0,472.69
762,2025-01-22,North America,Home,Shelf,7,1020.96,10,719.64
763,2025-05-19,Asia,Home,Shelf,10,1377.88,20,801.62
764,2025-05-04,Europe,Electronics,Keyboard,10,592.82,20,416.51
765,2025-02-04,North America,Home,Desk,6,825.94,15,415.07
766,2025-05-26,Asia,Sports,Football,9,164.82,5,99.79
767,2025-12-03,Europe,Clothing,T-Shirt,1,932.9,0,729.11
768,2025-11-28,Europe,Electronics,Laptop,2,1286.1,0,788.11
769,2025-11-24,South America,Electronics,Mouse,5,448.91,15,350.53
770,2025-02-01,South America,Home,Shelf,6,393.43,20,205.45
771,2025-08-14,North America,Sports,Yoga Mat,1,394.78,20,228.74
772,2025-03-15,South America,Sports,Tennis Racket,10,595.03,15,385.35
773,2025-02-06,Asia,Clothing,T-Shirt,8,1075.95,0,549.23
774,2025-01-20,South America,Sports,Football,8,231.79,15,115.96
775,2025-12-29,South America,Home,Desk,6,1357.88,10,680.45
776,2025-02-05,Europe,Sports,Dumbbell,7,1267.63,20,942.71
777,2025-07-03,Asia,Electronics,Monitor,8,190.59,10,148.76
778,2025-10-01,Asia,Home,Shelf,1,952.09,15,501.94
779,2025-07-16,Europe,Electronics,Monitor,5,975.21,0,649.82
780,2025-11-20,South America,Home,Shelf,2,949.62,0,613.41
781,2025-05-03,South America,Clothing,Jeans,1,297.71,15,237.85
782,2025-08-19,North America,Sports,Football,9,968.68,5,639.51
783,2025-03-02,Europe,Electronics,Keyboard,1,513.2,15,263.19
784,2025-03-14,South America,Sports,Tennis Racket,10,357.15,0,182.53
785,2025-01-08,Europe,Electronics,Monitor,10,78.24,15,54.35
786,2025-02-02,North America,Electronics,Keyboard,2,689.72,0,517.71
787,2025-04-14,South America,Electronics,Monitor,10,1200.77,0,623.12
788,2025-03-12,Asia,Home,Shelf,6,190.0,15,127.83
789,2025-03-14,South America,Clothing,T-Shirt,10,268.44,0,143.94
790,2025-01-21,Europe,Clothing,Jacket,9,255.86,0,198.98
791,2025-01-04,Europe,Electronics,Monitor,3,33.29,5,17.45
792,2025-12-21,Europe,Electronics,Keyboard,7,1043.32,20,763.47
793,2025-03-31,North America,Clothing,Jeans,5,789.4,5,451.36
794,2025-06-04,Asia,Clothing,Shoes,10,1425.94,15,1066.52
795,2025-02-18,Asia,Sports,Football,9,361.1,0,287.43
796,2025-03-18,South America,Clothing,Shoes,4,421.88,0,225.2
797,2025-07-06,Asia,Sports,Tennis Racket,3,1008.51,0,520.6
798,2025-08-21,North America,Clothing,Shoes,5,508.1,20,389.72
799,2025-09-21,North America,Electronics,Laptop,9,272.07,20,138.41
800,2025-12-13,Asia,Electronics,Mouse,8,893.13,0,558.85
801,2025-04-13,South America,Clothing,T-Shirt,6,349.4,0,252.03
802,2025-03-16,Europe,Clothing,T-Shirt,8,881.79,0,676.46
803,2025-11-20,Asia,Sports,Tennis Racket,7,566.49,5,405.58
804,2025-05-24,Europe,Home,Desk,6,199.55,15,133.82
805,2025-06-01,Europe,Electronics,Monitor,8,633.15,20,381.84
806,2025-04-21,South America,Clothing,Jeans,2,623.43,10,403.21
807,2025-05-07,Asia,Sports,Yoga Mat,1,1097.73,15,836.23
808,2025-08-02,North America,Sports,Tennis Racket,10,1419.92,10,1092.59
809,2025-12-23,North America,Electronics,Monitor,9,60.09,10,37.15
810,2025-07-28,Europe,Sports,Dumbbell,4,133.81,20,67.4
811,2025-12-09,Asia,Clothing,Jacket,5,366.2,0,184.85
812,2025-08-26,Europe,Clothing,Shoes,10,1123.46,0,890.82
813,2025-11-18,North America,Sports,Tennis Racket,6,943.95,15,651.35
814,2025-12-24,Europe,Sports,Yoga Mat,9,58.74,5,42.64
815,2025-01-27,North America,Electronics,Keyboard,1,776.96,15,473.32
816,2025-11-28,North America,Sports,Yoga Mat,8,932.51,0,568.77
817,2025-10-25,Europe,Clothing,Jeans,6,365.56,0,253.96
818,2025-05-22,North America,Clothing,Jacket,6,1347.92,10,949.03
819,2025-03-04,South America,Electronics,Keyboard,6,684.09,10,450.13
820,2025-02-03,Europe,Home,Shelf,10,558.54,15,437.68
821,2025-02-09,North America,Sports,Football,2,592.12,0,347.29
822,2025-04-15,North America,Clothing,Jacket,2,1048.65,5,571.67
823,2025-08-16,North America,Home,Shelf,9,1398.26,5,844.56
824,2025-09-24,Asia,Home,Desk,2,42.83,20,24.4
825,2025-10-08,South America,Sports,Yoga Mat,6,734.36,15,520.7
826,2025-05-14,Europe,Sports,Yoga Mat,10,206.61,20,122.3
827,2025-05-26,South America,Sports,Yoga Mat,5,1156.93,0,629.95
828,2025-12-21,Europe,Clothing,Jeans,9,435.02,0,327.05
829,2025-08-14,Asia,Clothing,Jeans,2,71.32,0,47.95
830,2025-06-26,Europe,Home,Desk,4,848.11,0,593.39
831,2025-01-13,South America,Home,Shelf,9,1463.44,10,864.11
832,2025-10-07,Asia,Sports,Tennis Racket,8,1392.44,0,698.01
833,2025-10-21,Europe,Home,Shelf,5,1454.71,20,1155.34
834,2025-10-10,North America,Sports,Yoga Mat,2,1100.14,0,596.09
835,2025-02-17,Asia,Home,Chair,7,930.11,0,589.5
836,2025-05-23,Europe,Electronics,Mouse,10,794.39,20,620.18
837,2025-02-14,South America,Electronics,Laptop,9,1275.68,15,894.85
838,2025-12-08,Asia,Clothing,Shoes,6,908.73,10,711.55
839,2025-06-26,Asia,Sports,Tennis Racket,7,560.75,0,282.43
840,2025-08-01,South America,Home,Shelf,9,140.52,15,107.69
841,2025-10-28,North America,Home,Desk,7,1095.62,5,593.68
842,2025-06-21,North America,Clothing,Jeans,5,717.17,20,471.6
843,2025-10-12,South America,Sports,Football,1,620.1,0,387.16
844,2025-01-22,Asia,Clothing,Jeans,3,1250.1,0,832.77
845,2025-01-02,Europe,Home,Shelf,9,1112.39,0,565.15
846,2025-08-02,Europe,Home,Lamp,8,195.02,15,149.74
847,2025-02-04,Asia,Sports,Tennis Racket,1,187.84,0,121.7
848,2025-03-03,Asia,Sports,Dumbbell,5,945.71,5,749.26
849,2025-12-21,Europe,Electronics,Keyboard,3,876.67,0,522.41
850,2025-07-02,North America,Home,Desk,1,416.28,5,287.6
851,2025-11-18,Europe,Home,Lamp,9,962.03,0,629.32
852,2025-12-17,Asia,Electronics,Mouse,9,490.68,0,367.05
853,2025-01-07,Europe,Home,Lamp,2,806.29,0,602.29
854,2025-03-21,Europe,Home,Lamp,8,623.87,0,331.1
855,2025-03-09,North America,Clothing,T-Shirt,7,696.13,0,372.41
856,2025-11-02,Asia,Sports,Yoga Mat,5,1039.67,0,774.67
857,2025-12-22,Europe,Clothing,Jacket,1,1119.25,0,634.29
858,2025-02-27,North America,Clothing,Jacket,3,322.66,0,202.45
859,2025-12-04,North America,Electronics,Monitor,7,73.35,0,37.4
860,2025-02-19,North America,Sports,Football,5,74.49,0,52.16
861,2025-05-23,Asia,Clothing,Jeans,3,1009.19,0,532.08
862,2025-10-19,North America,Home,Desk,9,1173.4,10,671.83
863,2025-03-29,North America,Electronics,Laptop,9,333.33,0,263.09
864,2025-10-29,Europe,Electronics,Mouse,9,1278.43,5,779.76
865,2025-09-21,Europe,Sports,Football,3,1253.77,5,786.4
866,2025-09-11,Asia,Sports,Football,6,194.19,0,127.37
867,2025-08-22,Asia,Home,Chair,2,498.89,0,307.03
868,2025-02-05,South America,Sports,Tennis Racket,9,616.85,20,387.62
869,2025-07-22,South America,Home,Desk,1,1498.1,5,1051.11
870,2025-02-22,Europe,Electronics,Laptop,3,598.27,15,405.13
871,2025-07-26,North America,Electronics,Keyboard,4,514.56,10,387.57
872,2025-10-31,Asia,Clothing,Shoes,8,424.99,15,310.15
873,2025-09-19,Asia,Sports,Yoga Mat,8,1003.35,5,798.92
874,2025-11-18,Europe,Clothing,Shoes,2,192.06,5,124.68
875,2025-04-02,South America,Electronics,Laptop,1,1247.17,5,877.3
876,2025-12-05,South America,Home,Desk,5,936.73,0,681.99
877,2025-10-05,Asia,Sports,Tennis Racket,5,996.52,5,649.17
878,2025-06-11,South America,Electronics,Laptop,7,1321.39,0,812.77
879,2025-06-05,Europe,Sports,Dumbbell,1,58.96,10,41.14
880,2025-02-26,South America,Sports,Dumbbell,3,475.56,5,307.32
881,2025-05-15,South America,Sports,Dumbbell,9,1282.98,10,662.94
882,2025-03-07,Asia,Sports,Yoga Mat,5,487.52,0,330.12
883,2025-07-02,South America,Home,Chair,6,577.05,5,348.27
884,2025-02-13,North America,Home,Chair,4,378.94,15,224.95
885,2025-08-24,South America,Home,Chair,6,262.97,10,157.21
886,2025-06-12,South America,Sports,Yoga Mat,1,1046.98,10,530.47
887,2025-12-12,Europe,Sports,Yoga Mat,10,155.61,5,82.48
888,2025-11-11,Asia,Home,Shelf,9,1219.07,15,733.71
889,2025-02-08,Europe,Home,Shelf,4,750.46,20,594.54
890,2025-04-26,North America,Home,Lamp,1,453.01,10,281.14
891,2025-08-07,Europe,Electronics,Keyboard,5,110.23,20,72.68
892,2025-10-04,Asia,Home,Chair,5,761.91,0,479.91
893,2025-10-08,Europe,Clothing,Shoes,7,384.38,10,244.45
894,2025-08-28,Asia,Electronics,Mouse,10,753.81,15,594.48
895,2025-03-19,Asia,Sports,Football,9,308.97,5,168.18
896,2025-07-31,Asia,Sports,Dumbbell,6,1291.68,0,891.49
897,2025-02-28,Europe,Home,Desk,5,1033.41,0,642.53
898,2025-10-14,South America,Clothing,T-Shirt,4,1197.6,0,765.56
899,2025-05-23,Europe,Sports,Football,4,247.44,0,125.88
900,2025-06-02,North America,Electronics,Monitor,1,92.44,0,54.93
901,2025-03-13,Europe,Sports,Yoga Mat,2,601.37,20,431.34
902,2025-09-26,Asia,Electronics,Laptop,9,999.68,10,784.65
903,2025-06-18,South America,Sports,Football,4,903.73,20,670.57
904,2025-05-21,South America,Clothing,Shoes,4,224.97,0,126.94
905,2025-02-27,Asia,Sports,Yoga Mat,10,93.33,10,57.16
906,2025-07-05,South America,Sports,Dumbbell,4,1445.34,20,1128.94
907,2025-12-06,North America,Home,Lamp,1,971.64,10,495.97
908,2025-07-05,North America,Clothing,Jacket,9,583.19,15,459.29
909,2025-05-11,Asia,Clothing,Shoes,7,21.72,5,16.9
910,2025-11-20,Asia,Electronics,Mouse,5,323.48,0,250.62
911,2025-09-09,South America,Sports,Football,5,1301.0,20,954.72
912,2025-03-24,Asia,Sports,Yoga Mat,7,1316.37,20,697.83
913,2025-06-17,South America,Electronics,Keyboard,7,907.15,20,602.64
914,2025-01-02,South America,Electronics,Laptop,3,948.93,20,656.97
915,2025-09-22,Europe,Clothing,Jacket,6,867.96,0,475.08
916,2025-03-30,Asia,Sports,Yoga Mat,8,722.76,15,390.33
917,2025-07-13,Europe,Home,Desk,2,627.6,0,387.89
918,2025-02-15,South America,Electronics,Laptop,9,974.19,15,553.94
919,2025-05-14,Europe,Clothing,Jacket,3,84.18,10,52.92
920,2025-09-27,South America,Electronics,Keyboard,3,1421.39,0,716.71
921,2025-05-17,Asia,Sports,Dumbbell,2,344.48,0,191.93
922,2025-05-25,Europe,Sports,Dumbbell,3,652.65,0,443.82
923,2025-05-15,Europe,Sports,Tennis Racket,7,1190.77,0,699.05
924,2025-01-06,South America,Sports,Tennis Racket,6,878.53,15,560.02
925,2025-08-05,Asia,Clothing,Jacket,7,1033.41,15,635.6
926,2025-08-30,Asia,Electronics,Laptop,9,97.54,0,76.01
927,2025-07-22,Asia,Electronics,Laptop,5,761.77,5,450.02
928,2025-06-23,South America,Clothing,T-Shirt,10,277.26,0,180.53
929,2025-03-01,Asia,Clothing,T-Shirt,6,1068.28,5,579.58
930,2025-07-04,South America,Electronics,Mouse,8,1308.8,20,764.73
931,2025-08-12,Europe,Home,Lamp,10,1246.09,0,816.3
932,2025-08-14,North America,Home,Shelf,3,837.96,15,579.03
933,2025-03-25,South America,Clothing,Jeans,1,352.49,0,225.97
934,2025-10-15,South America,Sports,Football,8,70.78,0,56.39
935,2025-06-28,North America,Sports,Dumbbell,2,1270.3,20,691.57
936,2025-05-20,Europe,Clothing,Jacket,3,1254.08,15,818.44
937,2025-12-13,North America,Electronics,Mouse,7,1381.42,0,1009.09
938,2025-07-11,North America,Home,Chair,5,1025.16,15,550.1
939,2025-09-03,South America,Home,Desk,1,130.78,20,93.16
940,2025-08-20,Asia,Home,Chair,6,1454.96,15,999.13
941,2025-01-29,North America,Clothing,Jeans,1,1204.32,0,718.92
942,2025-07-24,North America,Sports,Football,7,390.19,0,308.06
943,2025-12-01,Europe,Electronics,Mouse,3,588.87,5,344.77
944,2025-06-08,Europe,Electronics,Keyboard,8,1203.64,15,892.99
945,2025-07-18,South America,Home,Chair,6,773.85,5,490.34
946,2025-04-06,South America,Home,Shelf,2,1137.17,20,694.21
947,2025-11-28,Europe,Sports,Football,1,774.88,5,544.69
948,2025-09-02,Asia,Sports,Football,5,707.65,0,546.42
949,2025-10-19,North America,Clothing,Jeans,5,1263.89,10,794.13
950,2025-08-26,Asia,Electronics,Laptop,9,170.37,5,106.29
951,2025-12-05,South America,Home,Lamp,10,131.84,10,66.56
952,2025-06-02,Asia,Clothing,Jeans,7,77.44,5,59.09
953,2025-04-06,Europe,Sports,Dumbbell,10,1213.67,0,958.82
954,2025-10-01,North America,Clothing,T-Shirt,10,396.38,15,210.83
955,2025-12-21,South America,Electronics,Monitor,2,29.82,15,19.18
956,2025-12-11,South America,Sports,Yoga Mat,10,1221.57,10,742.98
957,2025-01-09,Europe,Home,Chair,3,211.32,0,112.75
958,2025-11-17,Europe,Electronics,Mouse,8,976.45,15,559.05
959,2025-03-27,Europe,Electronics,Keyboard,8,230.77,5,116.9
960,2025-04-14,Asia,Sports,Dumbbell,8,39.25,5,26.52
961,2025-08-10,South America,Sports,Football,6,21.73,15,16.39
962,2025-11-10,South America,Sports,Yoga Mat,1,736.37,5,481.59
963,2025-02-02,Asia,Clothing,T-Shirt,9,38.34,10,22.8
964,2025-12-24,South America,Sports,Dumbbell,2,747.24,15,451.35
965,2025-04-29,Europe,Electronics,Mouse,5,1092.05,5,658.67
966,2025-08-02,Asia,Home,Shelf,3,1325.93,15,945.94
967,2025-12-08,South America,Sports,Tennis Racket,10,318.74,15,231.02
968,2025-08-01,South America,Clothing,Jeans,4,242.91,5,128.81
969,2025-05-14,Asia,Home,Desk,4,839.68,0,510.22
970,2025-02-28,Europe,Clothing,Jeans,9,57.64,0,34.66
971,2025-01-24,Asia,Electronics,Mouse,8,394.15,0,289.88
972,2025-02-26,North America,Clothing,T-Shirt,1,1390.68,5,1028.68
973,2025-04-16,Asia,Electronics,Laptop,9,167.06,15,89.45
974,2025-02-20,Europe,Clothing,Jacket,8,1145.33,5,824.37
975,2025-08-01,North America,Home,Lamp,3,193.25,0,122.08
976,2025-07-10,South America,Clothing,Shoes,6,437.27,0,229.82
977,2025-04-27,Europe,Home,Desk,3,1132.28,10,709.39
978,2025-12-16,Asia,Sports,Dumbbell,7,1348.12,20,882.81
979,2025-02-05,North America,Electronics,Monitor,3,1157.53,15,858.74
980,2025-07-21,North America,Home,Lamp,7,1473.1,0,928.38
981,2025-12-15,Asia,Clothing,T-Shirt,9,1459.27,5,905.62
982,2025-03-17,South America,Home,Lamp,1,1242.24,10,848.6
983,2025-12-24,Asia,Sports,Tennis Racket,9,940.3,10,654.08
984,2025-03-06,Asia,Sports,Tennis Racket,5,135.58,10,81.4
985,2025-11-22,Europe,Clothing,T-Shirt,9,832.16,10,501.14
986,2025-06-05,South America,Electronics,Laptop,9,892.83,0,669.33
987,2025-01-25,North America,Electronics,Laptop,6,397.04,10,240.74
988,2025-05-01,Europe,Sports,Yoga Mat,10,1107.92,5,666.63
989,2025-12-11,Europe,Home,Lamp,5,1003.71,20,717.11
990,2025-07-04,South America,Sports,Tennis Racket,2,498.49,10,278.04
991,2025-08-06,Europe,Electronics,Mouse,7,1244.37,0,656.62
992,2025-10-29,South America,Sports,Tennis Racket,8,126.33,15,83.11
993,2025-09-08,South America,Home,Shelf,7,1494.8,15,1164.91
994,2025-12-27,North America,Clothing,Jeans,9,199.41,15,127.09
995,2025-07-09,North America,Clothing,Shoes,8,58.59,0,45.89
996,2025-03-20,North America,Sports,Football,2,560.68,0,287.12
997,2025-03-15,Europe,Home,Lamp,6,461.86,5,234.81
998,2025-09-08,North America,Sports,Football,5,1334.7,0,740.66
999,2025-06-08,South America,Electronics,Keyboard,2,1306.94,5,842.13
1000,2025-03-12,South America,Home,Shelf,8,1253.35,20,854.42
